{
    "Average AUC": 0.7851960784313725,
    "Standard Deviation AUC": 0.036694864968411324,
    "Most Common Hyperparameters": {
        "C": 0.1,
        "l1_ratio": 0.3
    },
    "Model Coefficients": {
        "original_shape_Flatness": -0.43320426269659223,
        "original_shape_SurfaceVolumeRatio": 0.3496253531066989,
        "original_glrlm_ShortRunEmphasis": 0.3414080994529364,
        "n_lesions": -0.32489031914687566,
        "baseline_lymphos": 0.2764573383186783
    },
    "Model Intercept": -0.24081449761394322,
    "Selected Features": [
        "original_shape_Flatness",
        "original_shape_SurfaceVolumeRatio",
        "original_glrlm_ShortRunEmphasis",
        "n_lesions",
        "baseline_lymphos"
    ]
}